{
    "output": {
        "Dataset": [
            "set-BW",
            "set-L",
            "set-L-HE",
            "set-L-LHE",
            "set-L-CLAHE",
            "set-RGB",
            "set-RGB-HE"
        ],
        "v1_Accuracy": [
            66.2420392036438,
            67.5159215927124,
            62.42038011550903,
            59.872615337371826,
            67.5159215927124,
            77.07006335258484,
            70.06369829177856
        ],
        "v1_Duration": [
            430.41009974479675,
            478.15285181999207,
            470.822642326355,
            498.5378909111023,
            506.8666560649872,
            503.0235228538513,
            544.7031192779541
        ],
        "v2_Accuracy": [
            56.68789744377136,
            62.42038011550903,
            63.05732727050781,
            51.59235596656799,
            60.50955653190613,
            72.61146306991577,
            73.88535141944885
        ],
        "v2_Duration": [
            163.95137429237366,
            147.40682792663574,
            150.05032777786255,
            165.09834718704224,
            158.5611448287964,
            178.16272282600403,
            196.31891179084778
        ],
        "v3_Accuracy": [
            48.40764403343201,
            42.038217186927795,
            45.85987329483032,
            45.22293210029602,
            47.133758664131165,
            63.05732727050781,
            52.229297161102295
        ],
        "v3_Duration": [
            46.287270069122314,
            36.68902134895325,
            46.26515078544617,
            49.0930061340332,
            41.0411319732666,
            55.941733837127686,
            59.4067587852478
        ],
        "v4_Accuracy": [
            59.872615337371826,
            64.33120965957642,
            60.50955653190613,
            51.59235596656799,
            57.96178579330444,
            70.70063948631287,
            75.15923976898193
        ],
        "v4_Duration": [
            120.29378008842468,
            96.9867730140686,
            96.0645842552185,
            117.42334985733032,
            110.2061197757721,
            140.59370684623718,
            144.10350728034973
        ]
    },
    "description": " batch_size=10 epochs=20 data_aug=True"
}