{
    "output": {
        "Dataset": [
            "set-BW",
            "set-L",
            "set-L-HE",
            "set-L-LHE",
            "set-L-CLAHE",
            "set-RGB",
            "set-RGB-HE"
        ],
        "v1_Accuracy": [
            59.872615337371826,
            59.872615337371826,
            60.50955653190613,
            59.872615337371826,
            64.9681568145752,
            77.07006335258484,
            68.15286874771118
        ],
        "v1_Duration": [
            424.45857405662537,
            502.8563621044159,
            497.87471199035645,
            490.1270101070404,
            468.8780930042267,
            524.1549849510193,
            498.5515990257263
        ],
        "v2_Accuracy": [
            59.872615337371826,
            63.05732727050781,
            62.42038011550903,
            64.33120965957642,
            64.9681568145752,
            77.07006335258484,
            71.33758068084717
        ],
        "v2_Duration": [
            152.34357690811157,
            150.972510099411,
            152.7795250415802,
            153.2306821346283,
            148.9806158542633,
            172.43842816352844,
            165.48275113105774
        ],
        "v3_Accuracy": [
            57.96178579330444,
            50.31847357749939,
            46.496814489364624,
            49.04458522796631,
            50.95541477203369,
            56.05095624923706,
            61.14649772644043
        ],
        "v3_Duration": [
            34.59597897529602,
            36.4795241355896,
            41.804136991500854,
            42.04690718650818,
            41.199434995651245,
            54.113542795181274,
            48.904496908187866
        ],
        "v4_Accuracy": [
            56.68789744377136,
            62.42038011550903,
            64.9681568145752,
            61.14649772644043,
            64.33120965957642,
            78.34395170211792,
            75.15923976898193
        ],
        "v4_Duration": [
            105.99356389045715,
            126.63420486450195,
            109.58014798164368,
            101.50710606575012,
            89.3386058807373,
            110.03371405601501,
            125.59651184082031
        ]
    },
    "description": " batch_size=10 epochs=20 data_aug=False"
}